{
  "simple": {
    "classic": {
      "accuracy": 0.92,
      "steps_mean": 2.0633333333333335,
      "steps_std": 0.29323862107316095,
      "hamming_mean": 0.014791666666666667,
      "energy_start": -8.024166666666666,
      "energy_end": -16.256666666666668,
      "energy_profile_mean": [
        -8.024166666666666,
        -16.1725,
        -16.256666666666668
      ],
      "energy_profile_std": [
        3.4574330153389177,
        1.7751126724802557,
        1.7421273314223866
      ],
      "profile_len": 3
    },
    "mhn": {
      "beta_1.0": {
        "beta": 1.0,
        "accuracy": 0.9833333333333333,
        "steps_mean": 2.82,
        "steps_std": 0.5237047514264757,
        "hamming_mean": 0.0025,
        "energy_start": -6.484187754103121,
        "energy_end": -15.955908686471824,
        "energy_profile_mean": [
          -6.484187754103121,
          -15.954169106541212,
          -15.9559086864718,
          -15.955908686471824,
          -15.955908686471824
        ],
        "energy_profile_std": [
          3.7497542916313136,
          0.3798834771949339,
          0.37928832082807556,
          0.37928832082808067,
          0.37928832082808067
        ],
        "profile_len": 5
      },
      "beta_2.0": {
        "beta": 2.0,
        "accuracy": 0.9966666666666667,
        "steps_mean": 2.1766666666666667,
        "steps_std": 0.39002848898794845,
        "hamming_mean": 0.0016666666666666668,
        "energy_start": -6.467886394600778,
        "energy_end": -15.9878219119676,
        "energy_profile_mean": [
          -6.467886394600779,
          -15.98776578997471,
          -15.9878219119676,
          -15.9878219119676
        ],
        "energy_profile_std": [
          3.9075975743964046,
          0.2105766943096274,
          0.2105788275428967,
          0.2105788275428967
        ],
        "profile_len": 4
      },
      "beta_5.0": {
        "beta": 5.0,
        "accuracy": 1.0,
        "steps_mean": 2.006666666666667,
        "steps_std": 0.1412641340027806,
        "hamming_mean": 0.0,
        "energy_start": -6.273795552539424,
        "energy_end": -15.98712876478704,
        "energy_profile_mean": [
          -6.273795552539424,
          -15.987128764017601,
          -15.98712876478704,
          -15.98712876478704
        ],
        "energy_profile_std": [
          4.051282053190121,
          0.22256446269898572,
          0.2225644627434825,
          0.2225644627434825
        ],
        "profile_len": 4
      },
      "beta_10.0": {
        "beta": 10.0,
        "accuracy": 0.9933333333333333,
        "steps_mean": 1.9933333333333334,
        "steps_std": 0.08137703743822469,
        "hamming_mean": 0.0016666666666666668,
        "energy_start": -6.460924196240747,
        "energy_end": -15.947590862907413,
        "energy_profile_mean": [
          -6.460924196240747,
          -15.947590862907413,
          -15.947590862907413
        ],
        "energy_profile_std": [
          3.933526218660346,
          0.4508404442354579,
          0.4508404442354579
        ],
        "profile_len": 3
      }
    },
    "mhn_best_beta": 5.0,
    "mhn_best_accuracy": 1.0
  },
  "medium": {
    "classic": {
      "accuracy": 0.8966666666666666,
      "steps_mean": 2.0233333333333334,
      "steps_std": 0.23690129214975217,
      "hamming_mean": 0.021041666666666667,
      "energy_start": -7.6425,
      "energy_end": -15.51,
      "energy_profile_mean": [
        -7.6425,
        -15.4825,
        -15.51
      ],
      "energy_profile_std": [
        3.1082393864265545,
        1.0550997188259834,
        1.0437831831052529
      ],
      "profile_len": 3
    },
    "mhn": {
      "beta_1.0": {
        "beta": 1.0,
        "accuracy": 0.9966666666666667,
        "steps_mean": 2.73,
        "steps_std": 0.5863161831867398,
        "hamming_mean": 0.0010416666666666667,
        "energy_start": -6.425236626356999,
        "energy_end": -16.000000001058762,
        "energy_profile_mean": [
          -6.425236626356998,
          -15.971036804941802,
          -15.9713367665629,
          -15.974516129496424,
          -15.985760963406547,
          -15.992372162166888,
          -15.99999983998986,
          -16.000000001058797,
          -16.000000001058797
        ],
        "energy_profile_std": [
          3.999189271764757,
          0.35053884894160425,
          0.3498798823596493,
          0.31356805541819854,
          0.24538336629860788,
          0.13189766452376506,
          2.7850844860678504e-06,
          1.0298758937065104e-09,
          1.0298758937065104e-09
        ],
        "profile_len": 9
      },
      "beta_2.0": {
        "beta": 2.0,
        "accuracy": 0.9933333333333333,
        "steps_mean": 2.1266666666666665,
        "steps_std": 0.4802314256920534,
        "hamming_mean": 0.002916666666666667,
        "energy_start": -6.662316086058507,
        "energy_end": -15.984488578634267,
        "energy_profile_mean": [
          -6.6623160860585005,
          -15.962310393149846,
          -15.962310490602185,
          -15.962310490827036,
          -15.96231066710356,
          -15.962444914909135,
          -15.975882035927361,
          -15.984488578634267,
          -15.984488578634267
        ],
        "energy_profile_std": [
          3.9727902014569123,
          0.46724835794565217,
          0.4672483658019341,
          0.4672483626182829,
          0.4672458667346011,
          0.46534697436153516,
          0.3063027176737558,
          0.26821754909553236,
          0.26821754909553236
        ],
        "profile_len": 9
      },
      "beta_5.0": {
        "beta": 5.0,
        "accuracy": 0.9966666666666667,
        "steps_mean": 1.99,
        "steps_std": 0.09949874371066199,
        "hamming_mean": 0.000625,
        "energy_start": -6.793795431466074,
        "energy_end": -15.983795431453705,
        "energy_profile_mean": [
          -6.793795431466074,
          -15.983795431453705,
          -15.983795431453705
        ],
        "energy_profile_std": [
          3.7622827043476184,
          0.28020318429611835,
          0.28020318429611835
        ],
        "profile_len": 3
      },
      "beta_10.0": {
        "beta": 10.0,
        "accuracy": 0.9833333333333333,
        "steps_mean": 2.0,
        "steps_std": 0.0,
        "hamming_mean": 0.0046875,
        "energy_start": -6.0340264805138935,
        "energy_end": -15.934026480513895,
        "energy_profile_mean": [
          -6.0340264805138935,
          -15.934026480513895,
          -15.934026480513895
        ],
        "energy_profile_std": [
          4.153627109313185,
          0.668171817439599,
          0.668171817439599
        ],
        "profile_len": 3
      }
    },
    "mhn_best_beta": 1.0,
    "mhn_best_accuracy": 0.9966666666666667
  },
  "complex": {
    "classic": {
      "accuracy": 0.9733333333333334,
      "steps_mean": 2.0433333333333334,
      "steps_std": 0.23407026485414348,
      "hamming_mean": 0.0069791666666666665,
      "energy_start": -7.175,
      "energy_end": -14.043333333333333,
      "energy_profile_mean": [
        -7.175,
        -13.946666666666667,
        -14.041666666666666,
        -14.043333333333333
      ],
      "energy_profile_std": [
        2.68673438707042,
        0.7651724569591406,
        0.5376776192312853,
        0.5249973544906893
      ],
      "profile_len": 4
    },
    "mhn": {
      "beta_1.0": {
        "beta": 1.0,
        "accuracy": 0.9966666666666667,
        "steps_mean": 2.51,
        "steps_std": 0.8102880146384166,
        "hamming_mean": 0.0016666666666666668,
        "energy_start": -6.300771335596521,
        "energy_end": -16.000000000000362,