{
  "simple": {
    "classic": {
      "0.05": {
        "mean": 0.9933333333333334,
        "std": 0.003944053188733084,
        "runs": [
          0.9966666666666667,
          0.9966666666666667,
          0.9866666666666667,
          0.99,
          0.99,
          0.9966666666666667,
          0.9933333333333333,
          0.9933333333333333,
          0.99,
          1.0
        ]
      },
      "0.1": {
        "mean": 0.9700000000000001,
        "std": 0.010000000000000016,
        "runs": [
          0.9866666666666667,
          0.9766666666666667,
          0.95,
          0.98,
          0.97,
          0.96,
          0.9733333333333334,
          0.9733333333333334,
          0.9633333333333334,
          0.9666666666666667
        ]
      },
      "0.15": {
        "mean": 0.9206666666666667,
        "std": 0.014742229591663982,
        "runs": [
          0.9033333333333333,
          0.9366666666666666,
          0.9233333333333333,
          0.93,
          0.9233333333333333,
          0.9066666666666666,
          0.9166666666666666,
          0.95,
          0.9166666666666666,
          0.9
        ]
      },
      "0.2": {
        "mean": 0.8323333333333334,
        "std": 0.023525399984791848,
        "runs": [
          0.8033333333333333,
          0.8533333333333334,
          0.8233333333333334,
          0.8466666666666667,
          0.8066666666666666,
          0.8533333333333334,
          0.84,
          0.8733333333333333,
          0.8,
          0.8233333333333334
        ]
      },
      "0.25": {
        "mean": 0.713,
        "std": 0.029304910472099693,
        "runs": [
          0.72,
          0.7333333333333333,
          0.6466666666666666,
          0.7333333333333333,
          0.73,
          0.6966666666666667,
          0.6966666666666667,
          0.76,
          0.7166666666666667,
          0.6966666666666667
        ]
      }
    },
    "mhn": {
      "0.05": {
        "mean": 0.9233333333333332,
        "std": 0.02260776661041755,
        "runs": [
          0.91,
          0.8866666666666667,
          0.9166666666666666,
          0.94,
          0.9433333333333334,
          0.93,
          0.9133333333333333,
          0.89,
          0.95,
          0.9533333333333334
        ]
      },
      "0.1": {
        "mean": 0.8163333333333334,
        "std": 0.022482091638556346,
        "runs": [
          0.8233333333333334,
          0.7766666666666666,
          0.8133333333333334,
          0.8166666666666667,
          0.8433333333333334,
          0.8333333333333334,
          0.78,
          0.8033333333333333,
          0.83,
          0.8433333333333334
        ]
      },
      "0.15": {
        "mean": 0.6839999999999999,
        "std": 0.024979991993593607,
        "runs": [
          0.71,
          0.6333333333333333,
          0.6866666666666666,
          0.6866666666666666,
          0.7166666666666667,
          0.6633333333333333,
          0.6666666666666666,
          0.6666666666666666,
          0.7033333333333334,
          0.7066666666666667
        ]
      },
      "0.2": {
        "mean": 0.5263333333333333,
        "std": 0.027016455890602847,
        "runs": [
          0.5366666666666666,
          0.49,
          0.5266666666666666,
          0.53,
          0.55,
          0.4633333333333333,
          0.5466666666666666,
          0.54,
          0.5266666666666666,
          0.5533333333333333
        ]
      },
      "0.25": {
        "mean": 0.36966666666666664,
        "std": 0.02750555499450167,
        "runs": [
          0.38333333333333336,
          0.3466666666666667,
          0.3433333333333333,
          0.35,
          0.3933333333333333,
          0.3333333333333333,
          0.39,
          0.39,
          0.3466666666666667,
          0.42
        ]
      }
    }
  },
  "medium": {
    "classic": {
      "0.05": {
        "mean": 0.9886666666666667,
        "std": 0.006863753427324671,
        "runs": [
          0.98,
          0.9966666666666667,
          0.9966666666666667,
          0.99,
          0.9933333333333333,
          0.9766666666666667,
          0.99,
          0.9933333333333333,
          0.99,
          0.98
        ]
      },
      "0.1": {
        "mean": 0.9496666666666667,
        "std": 0.009363047936792105,
        "runs": [
          0.9433333333333334,
          0.9566666666666667,
          0.95,
          0.95,
          0.9466666666666667,
          0.9633333333333334,
          0.9566666666666667,
          0.9533333333333334,
          0.95,
          0.9266666666666666
        ]
      },
      "0.15": {
        "mean": 0.8969999999999999,
        "std": 0.014866068747318509,
        "runs": [
          0.8966666666666666,
          0.91,
          0.86,
          0.91,
          0.8933333333333333,
          0.89,
          0.9166666666666666,
          0.9033333333333333,
          0.8966666666666666,
          0.8933333333333333
        ]
      },
      "0.2": {
        "mean": 0.8069999999999998,
        "std": 0.021931712199461304,
        "runs": [
          0.82,
          0.8366666666666667,
          0.8,
          0.8366666666666667,
          0.8066666666666666,
          0.77,
          0.8033333333333333,
          0.8233333333333334,
          0.8,
          0.7733333333333333
        ]
      },
      "0.25": {
        "mean": 0.6843333333333332,
        "std": 0.03252520390234149,
        "runs": [
          0.6933333333333334,
          0.6833333333333333,
          0.6433333333333333,
          0.7233333333333334,
          0.7233333333333334,
          0.69,
          0.6666666666666666,
          0.72,
          0.68,
          0.62
        ]
      }
    },
    "mhn": {
      "0.05": {
        "mean": 0.959,
        "std": 0.013503086067019407,
        "runs": [
          0.9733333333333334,
          0.9466666666666667,
          0.9766666666666667,
          0.9433333333333334,
          0.9566666666666667,
          0.96,
          0.9533333333333334,
          0.9366666666666666,
          0.9666666666666667,
          0.9766666666666667
        ]
      },
      "0.1": {
        "mean": 0.8663333333333334,
        "std": 0.017792008193443364,
        "runs": [
          0.88,
          0.87,
          0.8766666666666667,
          0.84,
          0.8833333333333333,
          0.8866666666666667,
          0.85,
          0.8333333333333334,
          0.8766666666666667,
          0.8666666666666667
        ]
      },
      "0.15": {
        "mean": 0.7443333333333333,
        "std": 0.024767810651013224,
        "runs": [
          0.7633333333333333,
          0.7466666666666667,
          0.7766666666666666,
          0.7566666666666667,
          0.7866666666666666,
          0.7133333333333334,
          0.73,
          0.71,
          0.7333333333333333,
          0.7266666666666667
        ]
      },
      "0.2": {
        "mean": 0.59,
        "std": 0.03356585566713096,
        "runs": [
          0.6033333333333334,
          0.6166666666666667,
          0.6133333333333333,
          0.6266666666666667,
          0.6333333333333333,
          0.5666666666666667,
          0.5766666666666667,
          0.59,
          0.5466666666666666,
          0.5266666666666666
        ]
      },
      "0.25": {
        "mean": 0.43100000000000005,
        "std": 0.03422312408624061,
        "runs": [
          0.44666666666666666,
          0.45666666666666667,
          0.4533333333333333,
          0.44,
          0.47333333333333333,
          0.41333333333333333,
          0.41,
          0.4666666666666667,
          0.36666666666666664,
          0.38333333333333336
        ]
      }
    }
  },
  "complex": {
    "classic": {
      "0.05": {
        "mean": 0.9993333333333332,
        "std": 0.0013333333333333198,